Mã Vật Tư,Tên vật tư,ĐVT,LÀ SẮT,Loại,Dày,Cao,Rộng,Dài,Trọng lượng ước tính,Barem P Vật tư
VCFEDEC020010018,Chân côn sắt ống đen f25xf16x1.0x372mm,CAY,TRUE,,,,,,,
VCFEDEC020010016,Chân côn sắt ống đen f25xf16x1.0x531mm,CAY,TRUE,,,,,,,
VCFEDEC020010017,Chân côn sắt ống đen f25xf16x1.0x818mm,CAY,TRUE,,,,,,,
VCFEDEC020010019,Chân côn sắt ống đen f25xf16x1.0x843mm,CAY,TRUE,,,,,,,
VCFEDEC020011002,Chân côn sắt ống đen f25xf16x1.1x598mm,TAM,TRUE,,,,,,,
VCFEDEC020011001,Chân côn sắt ống đen f25xf16x1.1x620mm,TAM,TRUE,,,,,,,
VCFEDEC020010015,Chân côn sắt ống đen f27xf19x1.0x455mm,CAY,TRUE,,,,,,,
VCFEDEC020010012,Chân côn sắt ống đen f32xf19x1.0x383mm,CAY,TRUE,,,,,,,
VCFEDEC020010013,Chân côn sắt ống đen f32xf19x1.0x400mm,CAY,TRUE,,,,,,,
VCFEDEC020010008,Chân côn sắt ống đen f32xf19x1x357mm,TAM,TRUE,,,,,,,
VCFELKC010008002,Lưới sắt mắt cáo 0.8x1000x1078mm,TAM,TRUE,Lưới,,,,,,
VCFELKC010008003,Lưới sắt mắt cáo 0.8x1000x1138mm,TAM,TRUE,Lưới,,,,,,
VCFEMKC010015001,Lưới sắt mắt cáo 1.5x1060x1200mm,TAM,TRUE,Lưới,,,,,,
VCFEREC020010070001,Sắt hộp chữ nhật đen 10x20x0.7x6000mm,CAY,TRUE,Hộp,,,,,,
VCFEREC020013070001,Sắt hộp chữ nhật đen 13x26x0.7x6000mm,CAY,TRUE,,,,,,,
VCFESEC020040070002,Sắt hộp chữ nhật đen 20x40x0.7x6000mm,CAY,TRUE,,,,,,,
VCFEREC020025070001,Sắt hộp chữ nhật đen 25x50x0.7x6000mm,CAY,TRUE,,,,,,,
VCFEREC010010065002,Sắt hộp chữ nhật tráng kẽm 10x20x0.65x5935mm,CAY,TRUE,,,,,,,
VCFEREC010010060001,Sắt hộp chữ nhật tráng kẽm 10x20x0.6x6000mm,CAY,TRUE,,,,,,,
VCFEREC010010070003,Sắt hộp chữ nhật tráng kẽm 10x20x0.7x4470mm,CAY,TRUE,,,,,,,
VCFEREC010010070005,Sắt hộp chữ nhật tráng kẽm 10x20x0.7x5350mm,CAY,TRUE,,,,,,,
VCFEREC010010070004,Sắt hộp chữ nhật tráng kẽm 10x20x0.7x5850mm,CAY,TRUE,,,,,,,
VCFEREC010010070001,Sắt hộp chữ nhật tráng kẽm 10x20x0.7x6000mm,CAY,TRUE,,,,,,,
VCFEREC010010070002,Sắt hộp chữ nhật tráng kẽm 10x20x0.7x6300mm,CAY,TRUE,,,,,,,
VCFEREC010010080003,Sắt hộp chữ nhật tráng kẽm 10x20x0.8x5700mm,CAY,TRUE,,,,,,,
VCFEREC010010080001,Sắt hộp chữ nhật tráng kẽm 10x20x0.8x6000mm,CAY,TRUE,,,,,,,
VCFEREC010010090001,Sắt hộp chữ nhật tráng kẽm 10x20x0.9x6000mm,CAY,TRUE,,,,,,,
VCFEREC010013070002,Sắt hộp chữ nhật tráng kẽm 13x26x0.7x5360mm,CAY,TRUE,,,,,,,
VCFEREC010013070001,Sắt hộp chữ nhật tráng kẽm 13x26x0.7x6000mm,CAY,TRUE,,,,,,,
VCFEREC010013080002,Sắt hộp chữ nhật tráng kẽm 13x26x0.8x5800mm,CAY,TRUE,,,,,,,
VCFEREC010013080001,Sắt hộp chữ nhật tráng kẽm 13x26x0.8x6000mm,CAY,TRUE,,,,,,,
VCFEREC010013090001,Sắt hộp chữ nhật tráng kẽm 13x26x0.9x6000mm,CAY,TRUE,,,,,,,
VCFEREC010013090002,Sắt hộp chữ nhật tráng kẽm 13x26x0.9x6100mm,CAY,TRUE,,,,,,,
VCFEREC010013110001,Sắt hộp chữ nhật tráng kẽm 13x26x1.1x6000mm,CAY,TRUE,,,,,,,
VCFEREC010014090002,Sắt hộp chữ nhật tráng kẽm 14x45x0.9x5470mm,CAY,TRUE,,,,,,,
VCFEREC010015060001,Sắt hộp chữ nhật tráng kẽm 15x30x0.6x6000mm,CAY,TRUE,,,,,,,
VCFEREC010015070003,Sắt hộp chữ nhật tráng kẽm 15x30x0.7x5730mm,CAY,TRUE,,,,,,,
VCFEREC010015080008,Sắt hộp chữ nhật tráng kẽm 15x30x0.8x5750mm,CAY,TRUE,,,,,,,
VCFEREC010015100004,Sắt hộp chữ nhật tráng kẽm 15x30x1.0x5020mm,CAY,TRUE,,,,,,,
VCFEREC010015100003,Sắt hộp chữ nhật tráng kẽm 15x30x1.0x5320mm,CAY,TRUE,,,,,,,
VCFEREC010015080004,Sắt hộp chữ nhật tráng kẽm 15x35x0.8x5500mm,CAY,TRUE,,,,,,,
VCFEREC010015080005,Sắt hộp chữ nhật tráng kẽm 15x35x0.8x5950mm,CAY,TRUE,,,,,,,
VCFEREC010015090003,Sắt hộp chữ nhật tráng kẽm 15x35x0.9x5450mm,CAY,TRUE,,,,,,,
VCFEREC010015115002,Sắt hộp chữ nhật tráng kẽm 15x35x1.15x6000mm,CAY,TRUE,,,,,,,
VCFEREC010015120002,Sắt hộp chữ nhật tráng kẽm 15x35x1.2x6000mm,CAY,TRUE,,,,,,,
VCFEREC010020065001,Sắt hộp chữ nhật tráng kẽm 20x30x0.65x5500mm,CAY,TRUE,,,,,,,
VCFEREC010020070004,Sắt hộp chữ nhật tráng kẽm 20x30x0.7x5500mm,CAY,TRUE,,,,,,,
VCFEREC010020070003,Sắt hộp chữ nhật tráng kẽm 20x30x0.7x5750mm,CAY,TRUE,,,,,,,
VCFEREC010020070001,Sắt hộp chữ nhật tráng kẽm 20x30x0.7x6000mm,CAY,TRUE,,,,,,,
VCFEREC010020080003,Sắt hộp chữ nhật tráng kẽm 20x30x0.8x4430mm,CAY,TRUE,,,,,,,
VCFEREC010020080007,Sắt hộp chữ nhật tráng kẽm 20x30x0.8x5600mm,CAY,TRUE,,,,,,,
VCFEREC010020090006,Sắt hộp chữ nhật tráng kẽm 20x35x0.9x5920mm,CAY,TRUE,,,,,,,
VCFEREC010020070008,Sắt hộp chữ nhật tráng kẽm 20x40x0.7x5900mm,CAY,TRUE,,,,,,,
VCFEREC010020070007,Sắt hộp chữ nhật tráng kẽm 20x40x0.7x6000mm,CAY,TRUE,,,,,,,
VCFEREC010020080004,Sắt hộp chữ nhật tráng kẽm 20x40x0.8x5000mm,CAY,TRUE,,,,,,,
VCFEREC010020080005,Sắt hộp chữ nhật tráng kẽm 20x40x0.8x5480mm,CAY,TRUE,,,,,,,
VCFEREC010020080006,Sắt hộp chữ nhật tráng kẽm 20x40x0.8x5900mm,CAY,TRUE,,,,,,,
VCFEREC010020090002,Sắt hộp chữ nhật tráng kẽm 20x40x0.9x4420mm,CAY,TRUE,,,,,,,
VCFEREC010020090009,Sắt hộp chữ nhật tráng kẽm 20x40x0.9x5700mm,CAY,TRUE,,,,,,,
VCFEREC010020090005,Sắt hộp chữ nhật tráng kẽm 20x40x0.9x5730mm,CAY,TRUE,,,,,,,
VCFEREC010020090001,Sắt hộp chữ nhật tráng kẽm 20x40x0.9x6000mm,CAY,TRUE,,,,,,,
VCFEREC010020100001,Sắt hộp chữ nhật tráng kẽm 20x40x1.0x6000mm,CAY,TRUE,,,,,,,
VCFEREC010020120002,Sắt hộp chữ nhật tráng kẽm 20x40x1.2x5280mm,CAY,TRUE,,,,,,,
VCFEREC010020120003,Sắt hộp chữ nhật tráng kẽm 20x40x1.2x5700mm,CAY,TRUE,,,,,,,
VCFEREC010020120001,Sắt hộp chữ nhật tráng kẽm 20x40x1.2x6000mm,CAY,TRUE,,,,,,,
VCFEREC010025070001,Sắt hộp chữ nhật tráng kẽm 25x50x0.7x5900mm,CAY,TRUE,,,,,,,
VCFEREC010025070003,Sắt hộp chữ nhật tráng kẽm 25x50x0.7x6000mm,CAY,TRUE,,,,,,,
VCFEREC010025085002,Sắt hộp chữ nhật tráng kẽm 25x50x0.85x4170mm,CAY,TRUE,,,,,,,
VCFEREC010025085003,Sắt hộp chữ nhật tráng kẽm 25x50x0.85x5020mm,CAY,TRUE,,,,,,,
VCFEREC010025085004,Sắt hộp chữ nhật tráng kẽm 25x50x0.85x6300mm,CAY,TRUE,,,,,,,
VCFEREC010025085005,Sắt hộp chữ nhật tráng kẽm 25x50x0.85x6560mm,CAY,TRUE,,,,,,,
VCFESEC020012060001,Sắt hộp vuông đen 12x12x0.6x6000mm,CAY,TRUE,,,,,,,
VCFESEC020012070001,Sắt hộp vuông đen 12x12x0.7x6000mm,CAY,TRUE,,,,,,,
VCFESEC020014065001,Sắt hộp vuông đen 14x14x0.65x6000mm,CAY,TRUE,,,,,,,
VCFESEC020014060001,Sắt hộp vuông đen 14x14x0.6x6000mm,CAY,TRUE,,,,,,,
VCFESEC020014070001,Sắt hộp vuông đen 14x14x0.7x6000mm,CAY,TRUE,,,,,,,
VCFESEC020016070002,Sắt hộp vuông đen 16x16x0.7x5500mm,CAY,TRUE,,,,,,,
VCFESEC020016070001,Sắt hộp vuông đen 16x16x0.7x6000mm,CAY,TRUE,,,,,,,
VCFESEC020020070001,Sắt hộp vuông đen 20x20x0.7x6000mm,CAY,TRUE,,,,,,,
VCFESEC020020080001,Sắt hộp vuông đen 20x20x0.80x6000mm,CAY,TRUE,,,,,,,
VCFESEC020020090001,Sắt hộp vuông đen 20x20x0.9x6000mm,CAY,TRUE,,,,,,,
VCFESEC020020100001,Sắt hộp vuông đen 20x20x1x6000mm,CAY,TRUE,,,,,,,
VCFESEC020025070001,Sắt hộp vuông đen 25x25x0.7x6000mm,CAY,TRUE,,,,,,,
VCFESEC020025080001,Sắt hộp vuông đen 25x25x0.8x6000mm,CAY,TRUE,,,,,,,
VCFESEC020025100001,Sắt hộp vuông đen 25x25x1.0x6000mm,CAY,TRUE,,,,,,,
VCFESEC020030080001,Sắt hộp vuông đen 30x30x0.8x6000mm,CAY,TRUE,,,,,,,
VCFESEC020030120001,Sắt hộp vuông đen 30x30x1.2x6000mm,CAY,TRUE,,,,,,,
VCFESEC020040070001,Sắt hộp vuông đen 40x40x0.7x6000mm,CAY,TRUE,,,,,,,
VCFESEC020040080001,Sắt hộp vuông đen 40x40x0.8x6000mm,CAY,TRUE,,,,,,,
VCFESEC020050100001,Sắt hộp vuông đen 50x50x1x6000mm,CAY,TRUE,,,,,,,
VCFESEC010010060002,Sắt hộp vuông tráng kẽm 10x10x0.6x5650mm,CAY,TRUE,,,,,,,
VCFESEC010010060001,Sắt hộp vuông tráng kẽm 10x10x0.6x6000mm,CAY,TRUE,,,,,,,
VCFESEC010012062001,Sắt hộp vuông tráng kẽm 12x12x0.62x6000mm,CAY,TRUE,,,,,,,
VCFESEC010012060019,Sắt hộp vuông tráng kẽm 12x12x0.6x5210mm,CAY,TRUE,,,,,,,
VCFESEC010012060007,Sắt hộp vuông tráng kẽm 12x12x0.6x5580mm,CAY,TRUE,,,,,,,
VCFESEC010012060010,Sắt hộp vuông tráng kẽm 12x12x0.6x5600mm,CAY,TRUE,,,,,,,
VCFESEC010012060002,Sắt hộp vuông tráng kẽm 12x12x0.6x5670mm,CAY,TRUE,,,,,,,
VCFESEC010012060016,Sắt hộp vuông tráng kẽm 12x12x0.6x5745mm,CAY,TRUE,,,,,,,
VCFESEC010012060006,Sắt hộp vuông tráng kẽm 12x12x0.6x5780mm,CAY,TRUE,,,,,,,
VCFESEC010012060018,Sắt hộp vuông tráng kẽm 12x12x0.6x5900mm,CAY,TRUE,,,,,,,
VCFESEC010012060001,Sắt hộp vuông tráng kẽm 12x12x0.6x6000mm,CAY,TRUE,,,,,,,
VCFESEC010012060008,Sắt hộp vuông tráng kẽm 12x12x0.6x6120mm,CAY,TRUE,,,,,,,
VCFESEC010012060003,Sắt hộp vuông tráng kẽm 12x12x0.6x6150mm,CAY,TRUE,,,,,,,
VCFESEC010012060017,Sắt hộp vuông tráng kẽm 12x12x0.6x6160mm,CAY,TRUE,,,,,,,
VCFESEC010012060005,Sắt hộp vuông tráng kẽm 12x12x0.6x6300mm,CAY,TRUE,,,,,,,
VCFESEC010014065013,Sắt hộp vuông tráng kẽm 14x14x0.65x5550mm,CAY,TRUE,,,,,,,
VCFESEC010014065010,Sắt hộp vuông tráng kẽm 14x14x0.65x5660mm,CAY,TRUE,,,,,,,
VCFESEC010014065006,Sắt hộp vuông tráng kẽm 14x14x0.65x5700mm,CAY,TRUE,,,,,,,
VCFESEC010014065005,Sắt hộp vuông tráng kẽm 14x14x0.65x5800mm,CAY,TRUE,,,,,,,
VCFESEC010014065009,Sắt hộp vuông tráng kẽm 14x14x0.65x5820mm,CAY,TRUE,,,,,,,
VCFESEC010014065007,Sắt hộp vuông tráng kẽm 14x14x0.65x5850mm,CAY,TRUE,,,,,,,
VCFESEC010014065002,Sắt hộp vuông tráng kẽm 14x14x0.65x5900mm,CAY,TRUE,,,,,,,
VCFESEC010014065001,Sắt hộp vuông tráng kẽm 14x14x0.65x6000mm,CAY,TRUE,,,,,,,
VCFESEC010014065008,Sắt hộp vuông tráng kẽm 14x14x0.65x6230mm,CAY,TRUE,,,,,,,
VCFESEC010014065012,Sắt hộp vuông tráng kẽm 14x14x0.65x6600mm,CAY,TRUE,,,,,,,
VCFESEC010016065008,Sắt hộp vuông tráng kẽm 16x16x0.65x5350mm,CAY,TRUE,,,,,,,
VCFESEC010016065006,Sắt hộp vuông tráng kẽm 16x16x0.65x5480mm,CAY,TRUE,,,,,,,
VCFESEC010016065004,Sắt hộp vuông tráng kẽm 16x16x0.65x5500mm,CAY,TRUE,,,,,,,
VCFESEC010016065002,Sắt hộp vuông tráng kẽm 16x16x0.65x5935mm,CAY,TRUE,,,,,,,
VCFESEC010016065001,Sắt hộp vuông tráng kẽm 16x16x0.65x6000mm,CAY,TRUE,,,,,,,
VCFESEC010016080003,Sắt hộp vuông tráng kẽm 16x16x0.8x5700mm,CAY,TRUE,,,,,,,
VCFESEC010016080002,Sắt hộp vuông tráng kẽm 16x16x0.8x6000mm,CAY,TRUE,,,,,,,
VCFESEC010020070004,Sắt hộp vuông tráng kẽm 20x20x0.7x5310mm,CAY,TRUE,,,,,,,
VCFESEC010020070013,Sắt hộp vuông tráng kẽm 20x20x0.7x5320mm,CAY,TRUE,,,,,,,
VCFESEC010020070014,Sắt hộp vuông tráng kẽm 20x20x0.7x5450mm,CAY,TRUE,,,,,,,
VCFESEC010020070015,Sắt hộp vuông tráng kẽm 20x20x0.7x5540mm,CAY,TRUE,,,,,,,
VCFESEC010020070016,Sắt hộp vuông tráng kẽm 20x20x0.7x5640mm,CAY,TRUE,,,,,,,
VCFESEC010020070011,Sắt hộp vuông tráng kẽm 20x20x0.7x5750mm,CAY,TRUE,,,,,,,
VCFESEC010020070009,Sắt hộp vuông tráng kẽm 20x20x0.7x5800mm,CAY,TRUE,,,,,,,
VCFESEC010020070003,Sắt hộp vuông tráng kẽm 20x20x0.7x5925mm,CAY,TRUE,,,,,,,
VCFESEC010020070017,Sắt hộp vuông tráng kẽm 20x20x0.7x5930mm,CAY,TRUE,,,,,,,
VCFESEC010020070001,Sắt hộp vuông tráng kẽm 20x20x0.7x6000mm,CAY,TRUE,,,,,,,
VCFESEC010020070007,Sắt hộp vuông tráng kẽm 20x20x0.7x6050mm,CAY,TRUE,,,,,,,
VCFESEC010020070012,Sắt hộp vuông tráng kẽm 20x20x0.7x6200mm,CAY,TRUE,,,,,,,
VCFESEC010020085002,Sắt hộp vuông tráng kẽm 20x20x0.85x5920mm,CAY,TRUE,,,,,,,
VCFESEC010020085001,Sắt hộp vuông tráng kẽm 20x20x0.85x6000mm,CAY,TRUE,,,,,,,
VCFESEC010020080002,Sắt hộp vuông tráng kẽm 20x20x0.8x5420mm,CAY,TRUE,,,,,,,
VCFESEC010020080005,Sắt hộp vuông tráng kẽm 20x20x0.8x5650mm,CAY,TRUE,,,,,,,
VCFESEC010020080003,Sắt hộp vuông tráng kẽm 20x20x0.8x5730mm,CAY,TRUE,,,,,,,
VCFESEC010020080004,Sắt hộp vuông tráng kẽm 20x20x0.8x5820mm,CAY,TRUE,,,,,,,
VCFESEC010020080001,Sắt hộp vuông tráng kẽm 20x20x0.8x6000mm,CAY,TRUE,,,,,,,
VCFESEC010020090004,Sắt hộp vuông tráng kẽm 20x20x0.9x5750mm,CAY,TRUE,,,,,,,
VCFESEC010020090002,Sắt hộp vuông tráng kẽm 20x20x0.9x5880mm,CAY,TRUE,,,,,,,
VCFESEC010020090001,Sắt hộp vuông tráng kẽm 20x20x0.9x6000mm,CAY,TRUE,,,,,,,
VCFESEC010020100005,Sắt hộp vuông tráng kẽm 20x20x1.0x5100mm,CAY,TRUE,,,,,,,
VCFESEC010020100003,Sắt hộp vuông tráng kẽm 20x20x1.0x6000mm,CAY,TRUE,,,,,,,
VCFESEC010020110001,Sắt hộp vuông tráng kẽm 20x20x1.1x6000mm,CAY,TRUE,,,,,,,
VCFESEC010020140001,Sắt hộp vuông tráng kẽm 20x20x1.4x6000mm,CAY,TRUE,,,,,,,
VCFESEC010020070002,Sắt hộp vuông tráng kẽm 20x40x0.7x6000mm,CAY,TRUE,,,,,,,
VCFESEC010025070002,Sắt hộp vuông tráng kẽm 25x25x0.7x5700mm,CAY,TRUE,,,,,,,
VCFESEC010025070001,Sắt hộp vuông tráng kẽm 25x25x0.7x6000mm,CAY,TRUE,,,,,,,
VCFESEC010025080002,Sắt hộp vuông tráng kẽm 25x25x0.8x5410mm,CAY,TRUE,,,,,,,
VCFESEC010025100001,Sắt hộp vuông tráng kẽm 25x25x1.0x6000mm,CAY,TRUE,,,,,,,
VCFESEC010030070002,Sắt hộp vuông tráng kẽm 30x30x0.7x4200mm,CAY,TRUE,,,,,,,
VCFESEC010030120001,Sắt hộp vuông tráng kẽm 30x30x1.2x6000mm,CAY,TRUE,,,,,,,
VCFESEC010040070001,Sắt hộp vuông tráng kẽm 40x40x0.7x6000mm,CAY,TRUE,,,,,,,
VCFESEC010040080001,Sắt hộp vuông tráng kẽm 40x40x0.8x6000mm,CAY,TRUE,,,,,,,
VCFESEC010040090003,Sắt hộp vuông tráng kẽm 40x40x0.9x5850mm,CAY,TRUE,,,,,,,
VCFESEC010040090001,Sắt hộp vuông tráng kẽm 40x40x0.9x6200mm,CAY,TRUE,,,,,,,
VCFESEC010050100001,Sắt hộp vuông tráng kẽm 50x50x1x6000mm,CAY,TRUE,,,,,,,
VCFELKC200012001,Sắt la 1.2x100x1200mm,TAM,TRUE,,,,,,,
VCFELKC200012003,Sắt la 1.2x14x1200mm,TAM,TRUE,,,,,,,
VCFELKC200012004,Sắt la 1.2x20x1200mm,CAY,TRUE,,,,,,,
VCFELKC200015001,Sắt la 1.5x100x1200mm,TAM,TRUE,,,,,,,
VCFELKC200015003,Sắt la 1.5x20x1200mm,TAM,TRUE,,,,,,,
VCFELKC200015004,Sắt la 1.5x25x1200mm,TAM,TRUE,,,,,,,
VCFELKC200010002,Sắt la 1x20x3000mm,TAM,TRUE,,,,,,,
VCFELKC200010003,Sắt la 1x80x3000mm,TAM,TRUE,,,,,,,
VCFELKC200010001,Sắt la 1x94x3000mm,TAM,TRUE,,,,,,,
VCFELKC200020001,Sắt la 2x20x3000mm,TAM,TRUE,,,,,,,
VCFELKC200035001,Sắt la 3.5x18x3000mm,TAM,TRUE,,,,,,,
VCFELKC200030009,Sắt La 3x12x3000mm,TAM,TRUE,,,,,,,
VCFELKC200030011,Sắt la 3x14x3000mm,TAM,TRUE,,,,,,,
VCFELKC200030013,Sắt la 3x16x3000mm,TAM,TRUE,,,,,,,
VCFELKC200030010,Sắt la 3x18x1100mm,TAM,TRUE,,,,,,,
VCFELKC200030004,Sắt La 3x20x3000mm,TAM,TRUE,,,,,,,
VCFELKC200030001,Sắt La 3x25x3000mm,TAM,TRUE,,,,,,,
VCFELKC200030003,Sắt La 3x30x3000mm,TAM,TRUE,,,,,,,
VCFELKC200030018,Sắt la 3x35x2600mm,CAY,TRUE,,,,,,,
VCFELKC200030007,Sắt la 3x40x3000mm,TAM,TRUE,,,,,,,
VCFELKC200030008,Sắt la 3x45x3000mm,TAM,TRUE,,,,,,,
VCFELKC020030001,Sắt la 3x50x1200mm,CAY,TRUE,,,,,,,
VCFELKC200030002,Sắt la 3x50x3000mm,TAM,TRUE,,,,,,,
VCFELKC200030006,Sắt la 3x55x3000mm,TAM,TRUE,,,,,,,
VCFELKC200030005,Sắt la 3x60x3000mm,TAM,TRUE,,,,,,,
VCFELKC200040004,Sắt la 4x16x1200mm,CAY,TRUE,,,,,,,
VCFELKC200040005,Sắt la 4x16x1500mm,CAY,TRUE,,,,,,,
VCFELKC200040001,Sắt la 4x16x3000mm,TAM,TRUE,,,,,,,
VCFELKC200040002,Sắt la 4x18x3000mm,TAM,TRUE,,,,,,,
VCFELKC020050003,Sắt la 5x19x1200mm,CAY,TRUE,,,,,,,
VCFELKCT20050001,Sắt la 5x20x1200mm,TAM,TRUE,,,,,,,
VCFELKC020050004,Sắt la 5x20x1500mm,CAY,TRUE,,,,,,,
VCFELKC200050001,Sắt la 5x20x3000mm,TAM,TRUE,,,,,,,
VCFELKC020050002,Sắt la 5x25x1200mm,CAY,TRUE,,,,,,,
VCFELKC020030004,Sắt la đen 3x60x1200mm,CAY,TRUE,,,,,,,
VCFELKC010008006,Sắt la tráng kẽm 0.8x103.5x1462mm,CAY,TRUE,,,,,,,
VCFELKC010008005,Sắt la tráng kẽm 0.8x104.5x1422mm,CAY,TRUE,,,,,,,
VCFELKC010009001,Sắt la tráng kẽm 0.9x104.5x914mm,CAY,TRUE,,,,,,,
VCFELKC010009004,Sắt la tráng kẽm 0.9x76x1018mm,CAY,TRUE,,,,,,,
VCFELKC010010002,Sắt la tráng kẽm 1.0x78x1200mm,CAY,TRUE,,,,,,,
VCFELKC010012009,Sắt la tráng kẽm 1.2x100x1200mm,CAY,TRUE,,,,,,,
VCFELKC010018004,Sắt la tráng kẽm 1.8x41x3780mm,CAY,TRUE,,,,,,,
VCFELKC010018002,Sắt la tráng kẽm 1.8x53x2800mm,CAY,TRUE,,,,,,,
VCFELKC010018001,Sắt la tráng kẽm 1.8x53x4618mm,CAY,TRUE,,,,,,,
VCFELKC010010003,Sắt la tráng kẽm 1x523x523mm,TAM,TRUE,,,,,,,
VCFELKC010020002,Sắt la tráng kẽm 2x12x3000mm,CAY,TRUE,,,,,,,
VCFELKC010020021,Sắt la tráng kẽm 2x18x1500mm,CAY,TRUE,,,,,,,
VCFELKC010020003,Sắt la tráng kẽm 2x18x3000mm,CAY,TRUE,,,,,,,
VCFELKC010020010,Sắt la tráng kẽm 2x20x1200mm,CAY,TRUE,,,,,,,
VCFELKC010020005,Sắt la tráng kẽm 2x20x3000mm,CAY,TRUE,,,,,,,
VCFELKC010020008,Sắt la tráng kẽm 2x42x1200mm,CAY,TRUE,,,,,,,
VCFELKC010030043,Sắt la tráng kẽm 3x12x1400mm,CAY,TRUE,,,,,,,
VCFELKC010030028,Sắt la tráng kẽm 3x14x3000mm,CAY,TRUE,,,,,,,
VCFELKC010030008,Sắt la tráng kẽm 3x16x3000mm,CAY,TRUE,,,,,,,
VCFELKC010030041,Sắt la tráng kẽm 3x20x1500mm,CAY,TRUE,,,,,,,
VCFELKC010030024,Sắt la tráng kẽm 3x20x3000mm,CAY,TRUE,,,,,,,
VCFELKC010030011,Sắt la tráng kẽm 3x30x3000mm,CAY,TRUE,,,,,,,
VCFELKC010030016,Sắt la tráng kẽm 3x35x1200mm,CAY,TRUE,,,,,,,
VCFELKC010030027,Sắt la tráng kẽm 3x78x1220mm,CAY,TRUE,,,,,,,
VCFELKC010050001,Sắt la tráng kẽm 5x15x1200mm,CAY,TRUE,,,,,,,
VCFELKC010050002,Sắt la tráng kẽm 5x20x3000mm,CAY,TRUE,,,,,,,
VCFEDEC020138060001,Sắt ống đen f13.8x0.6x6000mm,CAY,TRUE,,,,,,,
VCFEDEC020138070001,Sắt ống đen f13.8x0.7x6000mm,CAY,TRUE,,,,,,,
VCFEDEC020159060001,Sắt ống đen f15.9x0.6x6000mm,CAY,TRUE,,,,,,,
VCFEDEC020159070001,Sắt ống đen f15.9x0.7x6000mm,CAY,TRUE,,,,,,,
VCFEDEC020159090001,Sắt ống đen f15.9x0.9x6000mm,CAY,TRUE,,,,,,,
VCFEDEC020159120001,Sắt ống đen f15.9x1.2x6000mm,CAY,TRUE,,,,,,,
VCFEDEC020159140001,Sắt ống đen f15.9x1.4x6000mm,CAY,TRUE,,,,,,,
VCFEDEC020191065001,Sắt ống đen f19.1x0.65x6000mm,CAY,TRUE,,,,,,,
VCFEDEC020191070002,Sắt ống đen f19.1x0.7x5920mm,CAY,TRUE,,,,,,,
VCFEDEC020191070001,Sắt ống đen f19.1x0.7x6000mm,CAY,TRUE,,,,,,,
VCFEDEC020191120001,Sắt ống đen f19.1x1.2x6000mm,CAY,TRUE,,,,,,,
VCFEDEC020191100001,Sắt ống đen f19.1x1x6000mm,CAY,TRUE,,,,,,,
VCFEDEC020210065001,Sắt ống đen f21x0.65x6000mm,CAY,TRUE,,,,,,,
VCFEDEC020210070003,Sắt ống đen f21x0.7x5300mm,CAY,TRUE,,,,,,,
VCFEDEC020210070004,Sắt ống đen f21x0.7x5830mm,CAY,TRUE,,,,,,,
VCFEDEC020210070002,Sắt ống đen f21x0.7x5850mm,CAY,TRUE,,,,,,,
VCFEDEC020210070005,Sắt ống đen f21x0.7x5980mm,CAY,TRUE,,,,,,,
VCFEDEC020210070001,Sắt ống đen f21x0.7x6000mm,CAY,TRUE,,,,,,,
VCFEDEC020210090001,Sắt ống đen f21x0.9x6000mm,CAY,TRUE,,,,,,,
VCFEDEC020210120001,Sắt ống đen f21x1.2x6000mm,CAY,TRUE,,,,,,,
VCFEDEC020210100001,Sắt ống đen f21x1x6000mm,CAY,TRUE,,,,,,,
VCFEDEC020245075001,Sắt ống đen f24.5x0.75x5950mm,CAY,TRUE,,,,,,,
VCFEDEC020245070002,Sắt ống đen f24.5x0.7x6000mm,CAY,TRUE,,,,,,,
VCFEDEC020245080002,Sắt ống đen f24.5x0.8x5800mm,CAY,TRUE,,,,,,,
VCFEDEC020245080001,Sắt ống đen f24.5x0.8x6000mm,CAY,TRUE,,,,,,,
VCFEDEC020245090001,Sắt ống đen f24.5x0.9x6000mm,CAY,TRUE,,,,,,,
VCFEDEC020245120001,Sắt ống đen f24.5x1.2x6000mm,CAY,TRUE,,,,,,,
VCFEDEC020250070001,Sắt ống đen f25x0.7x6000mm,CAY,TRUE,,,,,,,
VCFEDEC020250080001,Sắt ống đen f25x0.8x6000mm,CAY,TRUE,,,,,,,
VCFEDEC020250090001,Sắt ống đen f25x0.9x6000mm,CAY,TRUE,,,,,,,
VCFEDEC020480200001,Sắt ống đen f48x2.0x6000mm,CAY,TRUE,,,,,,,
VCFEDEC010100080002,Sắt ống tráng kẽm f10x0.8x4300mm,CAY,TRUE,,,,,,,
VCFEDEC010100080003,Sắt ống tráng kẽm f10x0.8x5020mm,CAY,TRUE,,,,,,,
VCFEDEC010100080004,Sắt ống tráng kẽm f10x0.8x5900mm,CAY,TRUE,,,,,,,
VCFEDEC010100080001,Sắt ống tráng kẽm f10x0.8x6000mm,CAY,TRUE,,,,,,,
VCFEDEC010138065001,Sắt ống tráng kẽm f13.8x0.65x6000mm,CAY,TRUE,,,,,,,
VCFEDEC010138060009,Sắt ống tráng kẽm f13.8x0.6x5570mm,CAY,TRUE,,,,,,,
VCFEDEC010138060003,Sắt ống tráng kẽm f13.8x0.6x5700mm,CAY,TRUE,,,,,,,
VCFEDEC010138060010,Sắt ống tráng kẽm f13.8x0.6x5770mm,CAY,TRUE,,,,,,,
VCFEDEC010138060002,Sắt ống tráng kẽm f13.8x0.6x5830mm,CAY,TRUE,,,,,,,
VCFEDEC010138060005,Sắt ống tráng kẽm f13.8x0.6x5850mm,CAY,TRUE,,,,,,,
VCFEDEC010138060001,Sắt ống tráng kẽm f13.8x0.6x6000mm,CAY,TRUE,,,,,,,
VCFEDEC010138060006,Sắt ống tráng kẽm f13.8x0.6x6300mm,CAY,TRUE,,,,,,,
VCFEDEC010138070001,Sắt ống tráng kẽm f13.8x0.7x6000mm,CAY,TRUE,,,,,,,
VCFEDEC010138080004,Sắt ống tráng kẽm f13.8x0.8x4300mm,CAY,TRUE,,,,,,,
VCFEDEC010138080002,Sắt ống tráng kẽm f13.8x0.8x5600mm,CAY,TRUE,,,,,,,
VCFEDEC010138080001,Sắt ống tráng kẽm f13.8x0.8x6000mm,CAY,TRUE,,,,,,,
VCFEDEC010138080005,Sắt ống tráng kẽm f13.8x0.8x6100mm,CAY,TRUE,,,,,,,
VCFEDEC010138080003,Sắt ống tráng kẽm f13.8x0.8x6250mm,CAY,TRUE,,,,,,,
VCFEDEC010138090003,Sắt ống tráng kẽm f13.8x0.9x5470mm,CAY,TRUE,,,,,,,
VCFEDEC010159060002,Sắt ống tráng kẽm f15.9x0.6x5500mm,CAY,TRUE,,,,,,,
VCFEDEC010159060004,Sắt ống tráng kẽm f15.9x0.6x5850mm,CAY,TRUE,,,,,,,
VCFEDEC010159060003,Sắt ống tráng kẽm f15.9x0.6x5900mm,CAY,TRUE,,,,,,,
VCFEDEC010159060007,Sắt ống tráng kẽm f15.9x0.6x5950mm,CAY,TRUE,,,,,,,
VCFEDEC010159060001,Sắt ống tráng kẽm f15.9x0.6x6000mm,CAY,TRUE,,,,,,,
VCFEDEC010159060006,Sắt ống tráng kẽm f15.9x0.6x6100mm,CAY,TRUE,,,,,,,
VCFEDEC010159070002,Sắt ống tráng kẽm f15.9x0.7x6000mm,CAY,TRUE,,,,,,,
VCFEDEC010159080004,Sắt ống tráng kẽm f15.9x0.8x5000mm,CAY,TRUE,,,,,,,
VCFEDEC010159080003,Sắt ống tráng kẽm f15.9x0.8x5240mm,CAY,TRUE,,,,,,,
VCFEDEC010159080007,Sắt ống tráng kẽm f15.9x0.8x5540mm,CAY,TRUE,,,,,,,
VCFEDEC010159080005,Sắt ống tráng kẽm f15.9x0.8x5610mm,CAY,TRUE,,,,,,,
VCFEDEC010159080002,Sắt ống tráng kẽm f15.9x0.8x5700mm,CAY,TRUE,,,,,,,
VCFEDEC010159080006,Sắt ống tráng kẽm f15.9x0.8x5900mm,CAY,TRUE,,,,,,,
VCFEDEC010159080001,Sắt ống tráng kẽm f15.9x0.8x6000mm,CAY,TRUE,,,,,,,
VCFEDEC010159110001,Sắt ống tráng kẽm f15.9x1.1x6000mm,CAY,TRUE,,,,,,,
VCFEDEC010159120001,Sắt ống tráng kẽm f15.9x1.2x6000mm,CAY,TRUE,,,,,,,
VCFEDEC010191065008,Sắt ống tráng kẽm f19.1x0.65x5070mm,CAY,TRUE,,,,,,,
VCFEDEC010191065004,Sắt ống tráng kẽm f19.1x0.65x5250mm,CAY,TRUE,,,,,,,
VCFEDEC010191065009,Sắt ống tráng kẽm f19.1x0.65x5550mm,CAY,TRUE,,,,,,,
VCFEDEC010191065006,Sắt ống tráng kẽm f19.1x0.65x5700mm,CAY,TRUE,,,,,,,
VCFEDEC010191065010,Sắt ống tráng kẽm f19.1x0.65x5800mm,CAY,TRUE,,,,,,,
VCFEDEC010191065003,Sắt ống tráng kẽm f19.1x0.65x5850mm,CAY,TRUE,,,,,,,
VCFEDEC010191065002,Sắt ống tráng kẽm f19.1x0.65x5920mm,CAY,TRUE,,,,,,,
VCFEDEC010191065001,Sắt ống tráng kẽm f19.1x0.65x6000mm,CAY,TRUE,,,,,,,
VCFEDEC010191065011,Sắt ống tráng kẽm f19.1x0.65x6100mm,CAY,TRUE,,,,,,,
VCFEDEC010191067001,Sắt ống tráng kẽm f19.1x0.67x5920mm	,CAY,TRUE,,,,,,,
VCFEDEC010191070001,Sắt ống tráng kẽm f19.1x0.70x6000mm,CAY,TRUE,,,,,,,
VCFEDEC010191080004,Sắt ống tráng kẽm f19.1x0.8x5200mm,CAY,TRUE,,,,,,,
VCFEDEC010191080005,Sắt ống tráng kẽm f19.1x0.8x5370mm,CAY,TRUE,,,,,,,
VCFEDEC010191080003,Sắt ống tráng kẽm f19.1x0.8x5940mm,CAY,TRUE,,,,,,,
VCFEDEC010191080001,Sắt ống tráng kẽm f19.1x0.8x6000mm,CAY,TRUE,,,,,,,
VCFEDEC010191090005,Sắt ống tráng kẽm f19.1x0.9x4950mm,CAY,TRUE,,,,,,,
VCFEDEC010191090006,Sắt ống tráng kẽm f19.1x0.9x5250mm,CAY,TRUE,,,,,,,
VCFEDEC010191090007,Sắt ống tráng kẽm f19.1x0.9x5550mm,CAY,TRUE,,,,,,,
VCFEDEC010191090003,Sắt ống tráng kẽm f19.1x0.9x5650mm,CAY,TRUE,,,,,,,
VCFEDEC010191090002,Sắt ống tráng kẽm f19.1x0.9x5850mm,CAY,TRUE,,,,,,,
VCFEDEC010191120005,Sắt ống tráng kẽm f19.1x1.2x4420mm,CAY,TRUE,,,,,,,
VCFEDEC010191120008,Sắt ống tráng kẽm f19.1x1.2x5500mm,CAY,TRUE,,,,,,,
VCFEDEC010191120006,Sắt ống tráng kẽm f19.1x1.2x5750mm,CAY,TRUE,,,,,,,
VCFEDEC010191120007,Sắt ống tráng kẽm f19.1x1.2x5950mm,CAY,TRUE,,,,,,,
VCFEDEC010191120001,Sắt ống tráng kẽm f19.1x1.2x6000mm,CAY,TRUE,,,,,,,
VCFEDEC010191100005,Sắt ống tráng kẽm f19.1x1x4720mm,CAY,TRUE,,,,,,,
VCFEDEC010191100004,Sắt ống tráng kẽm f19.1x1x5670mm,CAY,TRUE,,,,,,,
VCFEDEC010191100006,Sắt ống tráng kẽm f19.1x1x5950mm,CAY,TRUE,,,,,,,
VCFEDEC010191100001,Sắt ống tráng kẽm f19.1x1x6000mm,CAY,TRUE,,,,,,,
VCFEDEC010210065008,Sắt ống tráng kẽm f21x0.65x4600mm,CAY,TRUE,,,,,,,
VCFEDEC010210065024,Sắt ống tráng kẽm f21x0.65x5050mm,CAY,TRUE,,,,,,,
VCFEDEC010210065005,Sắt ống tráng kẽm f21x0.65x5200mm,CAY,TRUE,,,,,,,
VCFEDEC010210065013,Sắt ống tráng kẽm f21x0.65x5450mm,CAY,TRUE,,,,,,,
VCFEDEC010210065012,Sắt ống tráng kẽm f21x0.65x5710mm,CAY,TRUE,,,,,,,
VCFEDEC010210065011,Sắt ống tráng kẽm f21x0.65x5750mm,CAY,TRUE,,,,,,,
VCFEDEC010210065023,Sắt ống tráng kẽm f21x0.65x5760mm,CAY,TRUE,,,,,,,
VCFEDEC010210065009,Sắt ống tráng kẽm f21x0.65x5800mm,CAY,TRUE,,,,,,,
VCFEDEC010210065006,Sắt ống tráng kẽm f21x0.65x5830mm,CAY,TRUE,,,,,,,
VCFEDEC010210065007,Sắt ống tráng kẽm f21x0.65x5850mm,CAY,TRUE,,,,,,,
VCFEDEC010210065001,Sắt ống tráng kẽm f21x0.65x5980mm,CAY,TRUE,,,,,,,
VCFEDEC010210065003,Sắt ống tráng kẽm f21x0.65x6000mm,CAY,TRUE,,,,,,,
VCFEDEC010210065004,Sắt ống tráng kẽm f21x0.65x6135mm,CAY,TRUE,,,,,,,
VCFEDEC010210065002,Sắt ống tráng kẽm f21x0.65x6150mm,CAY,TRUE,,,,,,,
VCFEDEC010210067001,Sắt ống tráng kẽm f21x0.67x5980mm,CAY,TRUE,,,,,,,
VCFEDEC010210067002,Sắt ống tráng kẽm f21x0.67x6150mm,CAY,TRUE,,,,,,,
VCFEDEC010210070002,Sắt ống tráng kẽm f21x0.70x6000mm,CAY,TRUE,,,,,,,
VCFEDEC010210080002,Sắt ống tráng kẽm f21x0.80x5750mm,CAY,TRUE,,,,,,,
VCFEDEC010210080007,Sắt ống tráng kẽm f21x0.80x5830mm,CAY,TRUE,,,,,,,
VCFEDEC010210080001,Sắt ống tráng kẽm f21x0.80x6000mm,CAY,TRUE,,,,,,,
VCFEDEC010210080004,Sắt ống tráng kẽm f21x0.80x6150mm,CAY,TRUE,,,,,,,
VCFEDEC010210085002,Sắt ống tráng kẽm f21x0.85x5620mm,CAY,TRUE,,,,,,,
VCFEDEC010210085003,Sắt ống tráng kẽm f21x0.85x5850mm,CAY,TRUE,,,,,,,
VCFEDEC010210090002,Sắt ống tráng kẽm f21x0.90x5900mm,CAY,TRUE,,,,,,,
VCFEDEC010210090001,Sắt ống tráng kẽm f21x0.90x6000mm,CAY,TRUE,,,,,,,
VCFEDEC010210120002,Sắt ống tráng kẽm f21x1.2x5850mm	,CAY,TRUE,,,,,,,
VCFEDEC010210100007,Sắt ống tráng kẽm f21x1x4700mm,CAY,TRUE,,,,,,,
VCFEDEC010210100006,Sắt ống tráng kẽm f21x1x5790mm,CAY,TRUE,,,,,,,
VCFEDEC010210100008,Sắt ống tráng kẽm f21x1x5900mm,CAY,TRUE,,,,,,,
VCFEDEC010210100002,Sắt ống tráng kẽm f21x1x5950mm	,CAY,TRUE,,,,,,,
VCFEDEC010210100001,Sắt ống tráng kẽm f21x1x6000mm,CAY,TRUE,,,,,,,
VCFEDEC010210100003,Sắt ống tráng kẽm f21x1x6150mm	,CAY,TRUE,,,,,,,
VCFEDEC010220100002,Sắt ống tráng kẽm f22x1.0x4600mm,CAY,TRUE,,,,,,,
VCFEDEC010245075004,Sắt ống tráng kẽm f24.5x0.75x5800mm,CAY,TRUE,,,,,,,
VCFEDEC010245075002,Sắt ống tráng kẽm f24.5x0.75x5910mm	,CAY,TRUE,,,,,,,
VCFEDEC010245075001,Sắt ống tráng kẽm f24.5x0.75x5950mm	,CAY,TRUE,,,,,,,
VCFEDEC010245075005,Sắt ống tráng kẽm f24.5x0.75x6000mm,CAY,TRUE,,,,,,,
VCFEDEC010245077005,Sắt ống tráng kẽm f24.5x0.77x5310mm,CAY,TRUE,,,,,,,
VCFEDEC010245077004,Sắt ống tráng kẽm f24.5x0.77x5685mm	,CAY,TRUE,,,,,,,
VCFEDEC010245077001,Sắt ống tráng kẽm f24.5x0.77x5920mm	,CAY,TRUE,,,,,,,
VCFEDEC010245077003,Sắt ống tráng kẽm f24.5x0.77x5950mm	,CAY,TRUE,,,,,,,
VCFEDEC010245077006,Sắt ống tráng kẽm f24.5x0.77x6000mm	,CAY,TRUE,,,,,,,
VCFEDEC010245070005,Sắt ống tráng kẽm f24.5x0.7x5910mm,CAY,TRUE,,,,,,,
VCFEDEC010245070001,Sắt ống tráng kẽm f24.5x0.7x6000mm	,CAY,TRUE,,,,,,,
VCFEDEC010245070003,Sắt ống tráng kẽm f24.5x0.7x6200mm	,CAY,TRUE,,,,,,,
VCFEDEC010245070004,Sắt ống tráng kẽm f24.5x0.7x6300mm	,CAY,TRUE,,,,,,,
VCFEDEC010245080010,Sắt ống tráng kẽm f24.5x0.8x4550mm,CAY,TRUE,,,,,,,
VCFEDEC010245080002,Sắt ống tráng kẽm f24.5x0.8x5700mm,CAY,TRUE,,,,,,,
VCFEDEC010245080006,Sắt ống tráng kẽm f24.5x0.8x5860mm,CAY,TRUE,,,,,,,
VCFEDEC010245080007,Sắt ống tráng kẽm f24.5x0.8x5950mm,CAY,TRUE,,,,,,,
VCFEDEC010245080001,Sắt ống tráng kẽm f24.5x0.8x6000mm	,CAY,TRUE,,,,,,,
VCFEDEC010245080005,Sắt ống tráng kẽm f24.5x0.8x6150mm,CAY,TRUE,,,,,,,
VCFEDEC010245080004,Sắt ống tráng kẽm f24.5x0.8x6400mm,CAY,TRUE,,,,,,,
VCFEDEC010245080011,Sắt ống tráng kẽm f24.5x0.8x6500mm,CAY,TRUE,,,,,,,
VCFEDEC010245090005,Sắt ống tráng kẽm f24.5x0.9x5600mm,CAY,TRUE,,,,,,,
VCFEDEC010245090001,Sắt ống tráng kẽm f24.5x0.9x5750mm,CAY,TRUE,,,,,,,
VCFEDEC010245090003,Sắt ống tráng kẽm f24.5x0.9x5960mm,CAY,TRUE,,,,,,,
VCFEDEC010245090004,Sắt ống tráng kẽm f24.5x0.9x6000mm,CAY,TRUE,,,,,,,
VCFEDEC010245120003,Sắt ống tráng kẽm f24.5x1.2x5850mm	,CAY,TRUE,,,,,,,
VCFEDEC010245120001,Sắt ống tráng kẽm f24.5x1.2x6000mm	,CAY,TRUE,,,,,,,
VCFEDEC010245120002,Sắt ống tráng kẽm f24.5x1.2x6150mm	,CAY,TRUE,,,,,,,
VCFEDEC010250075001,Sắt ống tráng kẽm f25x0.75x5950mm,CAY,TRUE,,,,,,,
VCFEDEC010250080004,Sắt ống tráng kẽm f25x0.8x5310mm,CAY,TRUE,,,,,,,
VCFEDEC010250080003,Sắt ống tráng kẽm f25x0.8x5685mm,CAY,TRUE,,,,,,,
VCFEDEC010250080001,Sắt ống tráng kẽm f25x0.8x5920mm,CAY,TRUE,,,,,,,
VCFEDEC010270090002,Sắt ống tráng kẽm f27x0.9x5500mm,CAY,TRUE,,,,,,,
VCFEDEC010270090003,Sắt ống tráng kẽm f27x0.9x6120mm,CAY,TRUE,,,,,,,
VCFEDEC010320080001,Sắt ống tráng kẽm f32x0.8x5350mm,CAY,TRUE,,,,,,,
VCFEDEC010320080002,Sắt ống tráng kẽm f32x0.8x6000mm,CAY,TRUE,,,,,,,
VCFEDEC010320100001,Sắt ống tráng kẽm f32x1.0x6000mm,CAY,TRUE,,,,,,,
VCFEDEC010490010001,Sắt ống tráng kẽm f49x1.0x6000mm,CAY,TRUE,,,,,,,
VCFEDEC010490012002,Sắt ống tráng kẽm f49x1.25x6000mm,CAY,TRUE,,,,,,,
VCFEDEC010490013002,Sắt ống tráng kẽm f49x1.35x6000mm,CAY,TRUE,,,,,,,
VCFEDEC010490019001,Sắt ống tráng kẽm f49x1.9x6000mm,CAY,TRUE,,,,,,,
VCFEOEC010150080001,Sắt Oval tráng kẽm 15x30x0.8x5650mm,CAY,TRUE,,,,,,,
VCFELKC010030014,Sắt tấm 3x1510x1170mm,TAM,TRUE,,,,,,,
VCFETKCT20030003,Sắt tấm CT2 3x1510x1514mm,TAM,TRUE,,,,,,,
VCFETKC020050007,Sắt tấm đen 5.0x530x1245mm,TAM,TRUE,,,,,,,
VCFETKC020050008,Sắt tấm đen 5.0x580x1220mm,TAM,TRUE,,,,,,,
VCFETKC010080008,Sắt tấm tráng kẽm 0.8x1200x2720mm,TAM,TRUE,,,,,,,
VCFETKC010080007,Sắt tấm tráng kẽm 0.8x1200x2820mm,TAM,TRUE,,,,,,,
VCFETKC010080010,Sắt tấm tráng kẽm 0.8x1200x2895mm,TAM,TRUE,,,,,,,
VCFETKC010080009,Sắt tấm tráng kẽm 0.8x1200x3000mm,TAM,TRUE,,,,,,,
VCFETKC010009013,Sắt tấm tráng kẽm 0.9x1200x2600mm,TAM,TRUE,,,,,,,
VCFETKC010009007,Sắt tấm tráng kẽm 0.9x1200x2730mm,TAM,TRUE,,,,,,,
VCFETKC010009008,Sắt tấm tráng kẽm 0.9x1200x2820mm,TAM,TRUE,,,,,,,
VCFETKC010009009,Sắt tấm tráng kẽm 0.9x1200x2950mm,TAM,TRUE,,,,,,,
VCFETKC010012013,Sắt tấm tráng kẽm 1.2x1200x2900mm,TAM,TRUE,,,,,,,
VCFETKC010012009,Sắt tấm tráng kẽm 1.2x1250x3000mm,TAM,TRUE,,,,,,,
VCFELKC010012005,Sắt tấm tráng kẽm 1.2x485x3000mm,TAM,TRUE,,,,,,,
VCFELKC010012006,Sắt tấm tráng kẽm 1.2x615x3000mm,TAM,TRUE,,,,,,,
VCFETKC010015005,Sắt tấm tráng kẽm 1.5x1200x3000mm,TAM,TRUE,,,,,,,
VCFETKC010015006,Sắt tấm tráng kẽm 1.5x1250x3000mm,TAM,TRUE,,,,,,,
VCFETKC010010008,Sắt tấm tráng kẽm 1x1200x2000mm,TAM,TRUE,,,,,,,
VCFETKC010010019,Sắt tấm tráng kẽm 1x1200x2110mm,TAM,TRUE,,,,,,,
VCFETKC010010020,Sắt tấm tráng kẽm 1x1200x2750mm,TAM,TRUE,,,,,,,
VCFETKC010010009,Sắt tấm tráng kẽm 1x1200x2850mm,TAM,TRUE,,,,,,,
VCFETKC010010015,Sắt tấm tráng kẽm 1x1200x3000mm,TAM,TRUE,,,,,,,
VCFETKC010010016,Sắt tấm tráng kẽm 1x1250x3000mm,TAM,TRUE,,,,,,,
VCFETKC010010012,Sắt tấm tráng kẽm 1x523x526mm,TAM,TRUE,,,,,,,
VCFELKC010010005,Sắt tấm tráng kẽm 1x672x2748mm,TAM,TRUE,,,,,,,
VCFETKC010025003,Sắt tấm tráng kẽm 2.5x1200x3000mm,TAM,TRUE,,,,,,,
VCFETKC010025004,Sắt tấm tráng kẽm 2.5x1250x3000mm,TAM,TRUE,,,,,,,
VCFELKC010020020,Sắt tấm tráng kẽm 2x1200x2770mm,TAM,TRUE,,,,,,,
VCFELKC010020009,Sắt tấm tráng kẽm 2x1200x3000mm,TAM,TRUE,,,,,,,
VCFELKC010020016,Sắt tấm tráng kẽm 2x1250x3000mm,TAM,TRUE,,,,,,,
VCFELKC010030017,Sắt tấm tráng kẽm 3x1200x1680mm,TAM,TRUE,,,,,,,
VCFELKC010030037,Sắt tấm tráng kẽm 3x1200x2920mm,TAM,TRUE,,,,,,,
VCFELKC010030018,Sắt tấm tráng kẽm 3x1200x3000mm,TAM,TRUE,,,,,,,
VCFELKC010030039,Sắt tấm tráng kẽm 3x1250x2720mm,TAM,TRUE,,,,,,,
VCFELKC010030025,Sắt tấm tráng kẽm 3x1250x3000mm,TAM,TRUE,,,,,,,
VCFELKC010030029,Sắt tấm tráng kẽm 3x1600x1220mm,TAM,TRUE,,,,,,,
VCFELKC010030013,Sắt tấm tráng kẽm 3x630x1580mm,TAM,TRUE,,,,,,,
VCFETKC010040002,Sắt tấm tráng kẽm 4x1250x3000mm,TAM,TRUE,,,,,,,
VCFEDKC300140003,Sắt tròn đặc f14x1550mm,CAY,TRUE,,,,,,,
VCFEDKC300140001,Sắt tròn đặc f14x2000mm,KG,TRUE,,,,,,,
VCFEDKC300140002,Sắt tròn đặc f14x2100mm,KG,TRUE,,,,,,,
VCFEDKC300140002,Sắt tròn đặc f14x2100mm,CAY,TRUE,,,,,,,
VCFEDKC300032001,Sắt tròn đặc f3.2mm,KG,TRUE,,,,,,,
VCFEDKC300030001,Sắt tròn đặc f3mm,KG,TRUE,,,,,,,
VCFEDKC010050001,Sắt tròn tráng kẽm f5mm,KG,TRUE,,,,,,,
VCFEDKC300060001,Sắt tròn đặc f6mm,KG,TRUE,,,,,,,
VCFEDKC300078001,Sắt tròn đặc f7.8mm,KG,TRUE,,,,,,,
VCFEDKC300080001,Sắt tròn đặc f8mm,KG,TRUE,,,,,,,
VCFEDKC020023001,Sắt tròn đặc tráng kẽm f2.3mm,KG,TRUE,,,,,,,
VCFEDKC010032001,Sắt tròn tráng kẽm f3.2mm,KG,TRUE,,,,,,,
VCFEDKC010035001,Sắt tròn tráng kẽm f3.5mm,KG,TRUE,,,,,,,
VCFEDKC010030001,Sắt tròn tráng kẽm f3mm,KG,TRUE,,,,,,,
VCFEDKC010040001,Sắt tròn tráng kẽm f4mm,KG,TRUE,,,,,,,
VCFEDKC010050001,Sắt tròn tráng kẽm f5mm,KG,TRUE,,,,,,,
VCFEDKC010060001,Sắt tròn tráng kẽm f6mm,KG,TRUE,,,,,,,
VCFEDKC010078001,Sắt tròn tráng kẽm f7.8mm,KG,TRUE,,,,,,,
VCFEVKC300025001,Sắt V 25x25x2.5x6000mm,CAY,TRUE,,,,,,,
VCFEVKC300030001,Sắt V 30x30x2.5x6000mm,CAY,TRUE,,,,,,,
VCFEVKC010030001,Sắt V 30x30x3.0x6000mm,CAY,TRUE,,,,,,,
VCFEVKC010040002,Sắt V 40x40x3.0x6000mm,CAY,TRUE,,,,,,,
VCFEVKC010020002,Sắt V tráng kẽm 25x25x2x6000mm,CAY,TRUE,,,,,,,
VCFETKC010180001,Tôn kẽm cuộn khổ rộng 1.8x53.5mm,KG,TRUE,,,,,,,
VCFEVT8701,Vòng tròn 3xØ87mm (ĐH AH - D42),CAI,TRUE,,,,,,,
VCFEVT8501,Vòng tròn Ø85mm (ĐH AH - D42),CAI,TRUE,,,,,,,
VCFEDEC010138060010,Sắt ống tráng kẽm f13.8x0.6x5770mm,CAY,TRUE,,,,,,,
VCFEDEC010210070003,Sắt ống tráng kẽm f21x0.7x5200mm,CAY,TRUE,,,,,,,
VCFEDEC010138060010,Sắt ống tráng kẽm f13.8x0.6x5770mm,CAY,TRUE,,,,,,,
VCFEDEC010245080010,Sắt ống tráng kẽm f24.5x0.8x4550mm,CAY,TRUE,,,,,,,
VCFEDEC010210070003,Sắt ống tráng kẽm f21x0.7x5200mm,CAY,TRUE,,,,,,,
VCFETKC010009011,Sắt tấm tráng kẽm 0.9x1220x3000mm,TAM,TRUE,,,,,,,
VCFETKC010080003,Sắt tấm tráng kẽm 0.8x1500x2100mm,TAM,TRUE,,,,,,,
VCFETKC010009011,Sắt tấm tráng kẽm 0.9x1220x3000mm,TAM,TRUE,,,,,,,
VCFETKC010009014,Sắt tấm tráng kẽm 0.9x1250x3000mm,TAM,TRUE,,,,,,,
VCFETKC010009012,Sắt tấm tráng kẽm 0.9x1220x1500mm,TAM,TRUE,,,,,,,
VCFETKC0100090012,Sắt tấm tráng kẽm 0.9x1220x2000mm,TAM,TRUE,,,,,,,
VCFEREC010020070009,Sắt hộp chữ nhật tráng kẽm 20x30x0.7x6190mm,CAY,TRUE,,,,,,,
VCFEREC010015090007,Sắt hộp chữ nhật tráng kẽm 15x35x0.9x5700mm,CAY,TRUE,,,,,,,
VCFEREC010015070002,Sắt hộp chữ nhật tráng kẽm 15x35x0.7x6000mm,CAY,TRUE,,,,,,,
VCFEREC010013060006,Sắt hộp chữ nhật tráng kẽm 13x26x0.7x5600mm,CAY,TRUE,,,,,,,
VCFEREC010020080002,Sắt hộp chữ nhật tráng kẽm 20x30x0.8x6000mm,CAY,TRUE,,,,,,,
VCFEOEC020150080001,Sắt Ovan đen 15x30x0.8x6000mm,CAY,TRUE,,,,,,,
VCFESEC010016065009,Sắt hộp vuông tráng kẽm 16x16x0.65x5700mm,CAY,TRUE,,,,,,,
VCFEREC0100150800010,Sắt hộp chữ nhật tráng kẽm 15x35x0.8x5800mm,CAY,TRUE,,,,,,,
VCFEREC010015090006,Sắt hộp chữ nhật tráng kẽm 15x35x0.9x5650mm,CAY,TRUE,,,,,,,
VCFEDEC010380100003,Sắt ống tráng kẽm f38x1.0x5700mm,CAY,TRUE,,,,,,,
VCFEREC010015090001,Sắt hộp chữ nhật tráng kẽm 15x35x0.9x6000mm,CAY,TRUE,,,,,,,
VCFETKC010009018,Sắt tấm tráng kẽm 0.9x1220x2960mm,TAM,TRUE,,,,,,,
VCFETKC010010018,Sắt tấm tráng kẽm 1x1220x3000mm,TAM,TRUE,,,,,,,
VCFEDKC010040001,Sắt tròn tráng kẽm f4mm,KG,TRUE,,,,,,,
VCFEDKC300050001,Sắt tròn đặc f5mm,KG,TRUE,,,,,,,
VCFEDKC010032001,Sắt tròn tráng kẽm f3.2mm,KG,TRUE,,,,,,,
VCFESEC0100160650010,Sắt hộp vuông tráng kẽm 16x16x0.65x5800mm,CAY,TRUE,,,,,,,
VCFEREC010015070005,Sắt hộp chữ nhật tráng kẽm 15x35x0.7x5700mm,CAY,TRUE,,,,,,,
VCFETKC010009017,Sắt tấm tráng kẽm 0.9x1220x2950mm,TAM,TRUE,,,,,,,
VCFESEC010012060021,Sắt hộp vuông tráng kẽm 12x12x0.6x5700mm,CAY,TRUE,,,,,,,
VCFEREC010015070006,Sắt hộp chữ nhật tráng kẽm 15x35x0.7x5850mm,CAY,TRUE,,,,,,,
VCFESEC010016070002,Sắt hộp vuông tráng kẽm 16x16x0.7x6000mm,CAY,TRUE,,,,,,,
VCFEDEC010210100009,Sắt ống tráng kẽm f21x1x5800mm,CAY,TRUE,,,,,,,
VCFEREC010010080005,Sắt hộp chữ nhật tráng kẽm 10x20x0.8x5850mm,CAY,TRUE,,,,,,,
VCFEREC010010080002,Sắt hộp chữ nhật tráng kẽm 10x20x0.8x5800mm,CAY,TRUE,,,,,,,
VCFEREC010015080001,Sắt hộp chữ nhật tráng kẽm 15x30x0.8x6000mm,CAY,TRUE,,,,,,,
VCFEDEC010380100001,Sắt ống tráng kẽm f38x1.0x6000mm,CAY,TRUE,,,,,,,
VCFEREC010015080002,Sắt hộp chữ nhật tráng kẽm 15x35x0.8x6000mm,CAY,TRUE,,,,,,,
VCFESEC010016070002,Sắt hộp vuông tráng kẽm 16x16x0.7x6000mm,CAY,TRUE,,,,,,,
VCFEREC010025085006,Sắt hộp chữ nhật tráng kẽm 25x50x0.90x6300mm,CAY,TRUE,,,,,,,
VCFEDEC010318100001,Sắt ống tráng kẽm f31.8x1x6000mm,CAY,TRUE,,,,,,,
VCFEVKC010030001,Sắt V 30x30x3.0x6000mm,CAY,TRUE,,,,,,,
VCFEREC010016085003,Sắt hộp chữ nhật tráng kẽm 16x50x0.85x5600mm,CAY,TRUE,,,,,,,
VCFEDEC010210085001,Sắt ống tráng kẽm f21x0.85x6000mm,CAY,TRUE,,,,,,,
VCFESEC010020090006,Sắt hộp vuông tráng kẽm 20x20x0.9x5900mm,CAY,TRUE,,,,,,,
VCFETKC010040003,Sắt tấm tráng kẽm 4x1200x3000mm,TAM,TRUE,,,,,,,
VCFETKC0100090024,Sắt tấm tráng kẽm 0.9x1220x2810mm,TAM,TRUE,,,,,,,
VCFESEC020012070003,Sắt hộp vuông đen 12x12x0.7x6150mm,CAY,TRUE,,,,,,,
VCFETKC020040004,Sắt tấm đen 4x1200x3000mm,TAM,TRUE,,,,,,,
VCFEREC010015080002,Sắt hộp chữ nhật tráng kẽm 15x35x0.8x6000mm,CAY,TRUE,,,,,,,
VCFEREC010015070004,Sắt hộp chữ nhật tráng kẽm 15x35x0.7x5720mm,CAY,TRUE,,,,,,,
VCFELKC020030006,Sắt tấm đen 3x1200x3000mm,TAM,TRUE,,,,,,,
VCFEDEC010159100001,Sắt ống tráng kẽm 15.9x1x6000mm,CAY,TRUE,,,,,,,
VCFETKCT20030003,Sắt tấm CT2 3x1510x1514mm,TAM,TRUE,,,,,,,
VCFEREC010020070010,Sắt hộp chữ nhật tráng kẽm 20x30x0.7x5900mm,CAY,TRUE,,,,,,,
VCFEDEC010159090001,Sắt ống tráng kẽm f15.9x0.9x6000mm,CAY,TRUE,,,,,,,
VCFEREC010015080002,Sắt hộp chữ nhật tráng kẽm 15x35x0.8x6000mm,CAY,TRUE,,,,,,,
VCFEREC010016090001,Sắt hộp chữ nhật tráng kẽm 16x50x0.9x6000mm,CAY,TRUE,,,,,,,
VCFELKC200030023,Sắt la 3x55x1500mm,CAY,TRUE,,,,,,,
VCFEDEC010159100001,Sắt ống tráng kẽm f15.9x1.0x6000mm,CAY,TRUE,,,,,,,
VCFEREC010015080002,Sắt hộp chữ nhật tráng kẽm 15x35x0.8x6000mm,CAY,TRUE,,,,,,,
VCFETKC010020004,Sắt tấm tráng kẽm 2x1220x3000mm,TAM,TRUE,,,,,,,
VCFEREC010015080009,Sắt hộp chữ nhật tráng kẽm 15x35x0.8x5600mm,CAY,TRUE,,,,,,,
VCFESEC010020090005,Sắt hộp vuông tráng kẽm 20x20x0.9x5650mm,CAY,TRUE,,,,,,,
VCFEDEC010138090001,Sắt ống tráng kẽm f13.8x0.9x6000mm,CAY,TRUE,,,,,,,
VCFETKC010009016,Sắt tấm tráng kẽm 0.9x1200x3000mm,TAM,TRUE,,,,,,,
VCFELKC020030008,Sắt tấm đen 3x1500x1560mm,TAM,TRUE,,,,,,,
VCFEREC010015090008,Sắt hộp chữ nhật tráng kẽm 15x35x0.9x5600mm,CAY,TRUE,,,,,,,
VCFEDEC010254170001,Sắt ống tráng kẽm f25.4x1.7x6000mm,CAY,TRUE,,,,,,,
VCFEREC010015090001,Sắt hộp chữ nhật tráng kẽm 15x35x0.9x6000mm,CAY,TRUE,,,,,,,
VCFEDEC010320100004,Sắt ống tráng kẽm f32x1.0x5700mm,CAY,TRUE,,,,,,,
VCFEDEC010191090009,Sắt ống tráng kẽm f19.1x0.9x5700mm,CAY,TRUE,,,,,,,
VCFEREC010016085003,Sắt hộp chữ nhật tráng kẽm 16x50x0.85x5600mm,CAY,TRUE,,,,,,,
VCFEREC010025090006,Sắt hộp chữ nhật tráng kẽm 25x50x0.9x3270mm,CAY,TRUE,,,,,,,
VCFELKC010030023,Sắt tấm tráng kẽm 3x1220x3000mm,CAY,TRUE,,,,,,,
VCFEREC010015100007 ,Sắt hộp chữ nhật tráng kẽm 15x30x1.0x6050mm,CAY,TRUE,,,,,,,
VCFELKC020050005,Sắt la đen 5x35x1100mm,CAY,TRUE,,,,,,,
VCFELKC020050006,Sắt la đen 5x35x1110mm,CAY,TRUE,,,,,,,
VCFEDKC300023001,Sắt tròn đặc f2.3mm,KG,TRUE,,,,,,,
VCFEREC010015100007,Sắt hộp chữ nhật tráng kẽm 15x30x1.0x6050mm,CAY,TRUE,,,,,,,
VCFEDEC010320100002,Sắt ống tráng kẽm f32x1.0x5900mm,CAY,TRUE,,,,,,,
VCFEDEC010100080009,Sắt ống tráng kẽm f10x0.8x5600mm,CAY,TRUE,,,,,,,
VCFEDEC010245100002,Sắt ống tráng kẽm f24.5x1.0x5900mm,CAY,TRUE,,,,,,,
VCFEDEC010100080008,Sắt ống tráng kẽm f10x0.8x5800mm,CAY,TRUE,,,,,,,
VCFEDEC010100080005,Sắt ống tráng kẽm f10x0.8x5950mm,CAY,TRUE,,,,,,,
VCFEDEC010191065001,Sắt ống tráng kẽm f19.1x0.65x6000mm,CAY,TRUE,,,,,,,
VCFEREC010015090005,Sắt hộp chữ nhật tráng kẽm 15x35x0.9x5500mm,CAY,TRUE,,,,,,,
VCFESEC010025090002,Sắt hộp vuông tráng kẽm 25x25x0.9x5900mm,CAY,TRUE,,,,,,,
VCFELKC010012012,Sắt la tráng kẽm 1.2x25x1050mm,CAY,TRUE,,,,,,,
VCFESEC010025100003,Sắt hộp vuông tráng kẽm 25x25x1.0x5900mm,CAY,TRUE,,,,,,,
VCFELKC010008013,Sắt la tráng kẽm 0.8x80x1200mm,CAY,TRUE,,,,,,,
VCFETKC020050009,Sắt tấm đen 5.0x1500x1500mm,TAM,TRUE,,,,,,,
VCFELKC010008013,Sắt la tráng kẽm 0.8x80x1200mm,CAY,TRUE,,,,,,,
VCFEREC010010080007,Sắt hộp chữ nhật tráng kẽm 10x20x0.8x5600mm,CAY,TRUE,,,,,,,
VCFELKC010030051,Sắt tấm tráng kẽm 3x1180x2710mm,TAM,TRUE,,,,,,,
VCFELKC010025007,Sắt la tráng kẽm 2.5x48x1200mm,CAY,TRUE,,,,,,,
VCFELKC010008013,Sắt la tráng kẽm 0.8x80x1200mm,CAY,TRUE,,,,,,,
VCFEDEC010245100003,Sắt ống tráng kẽm f24.5x1.0x6050mm,CAY,TRUE,,,,,,,
VCFEDEC010245100001,Sắt ống tráng kẽm f24.5x1.0x6000mm	,CAY,TRUE,,,,,,,
VCFEREC010013080004,Sắt hộp chữ nhật tráng kẽm 13x26x0.8x6050mm,CAY,TRUE,,,,,,,
VCFELKC010012011,Sắt la tráng kẽm 1.2x25x1200mm,CAY,TRUE,,,,,,,
VCFERKCT30012004,Thép CT3 8x1000x1000mm,TAM,TRUE,,,,,,,
VCFELKC010030060,Sắt tấm tráng kẽm 3x27x1500mm,CAY,TRUE,,,,,,,
VCFETKC010080028,Sắt tấm tráng kẽm 0.8x1200x2960mm,TAM,TRUE,,,,,,,
VCFETKC0100090027,Sắt tấm tráng kẽm 0.9x1220x2900mm,TAM,TRUE,,,,,,,
VCFEREC010013080003,Sắt hộp chữ nhật tráng kẽm 13x26x0.85x5600mm,CAY,TRUE,,,,,,,
VCFEREC010025090007,Sắt hộp chữ nhật tráng kẽm 25x50x0.9x3480mm,CAY,TRUE,,,,,,,
VCFETKC010009030,Sắt tấm tráng kẽm 0.9x1200x2900mm,TAM,TRUE,,,,,,,
VCFEREC010025120002,Sắt hộp chữ nhật tráng kẽm 25x50x1.2x6070mm,CAY,TRUE,,,,,,,
VCFEREC010016085006,Sắt hộp chữ nhật tráng kẽm 16x50x0.85x3300mm,CAY,TRUE,,,,,,,
VCFEREC010020090009,Sắt hộp chữ nhật tráng kẽm 20x40x0.9x5700mm,CAY,TRUE,,,,,,,
VCFEREC010025090007,Sắt hộp chữ nhật tráng kẽm 25x50x0.9x3480mm,CAY,TRUE,,,,,,,
VCFEREC010015090009,Sắt hộp chữ nhật tráng kẽm 15x30x0.9x5800mm,CAY,TRUE,,,,,,,
VCFEDEC010191110001,Sắt ống tráng kẽm f19.1x1.1x6000mm,CAY,TRUE,,,,,,,
VCFEDEC010380100005,Sắt ống tráng kẽm f38x1.0x6050mm,CAY,TRUE,,,,,,,
VCFEREC010025120004,Sắt hộp chữ nhật tráng kẽm 25x50x1.2x4770mm,CAY,TRUE,,,,,,,
VCFEDEC010138080007,Sắt ống tráng kẽm f13.8x0.8x5900mm,CAY,TRUE,,,,,,,
VCFETKC010015016,Sắt tấm tráng kẽm 1.5x71x1980mm,TAM,TRUE,,,,,,,
VCFEREC010015090011,Sắt hộp chữ nhật tráng kẽm 15x35x0.9x6200mm,CAY,TRUE,,,,,,,
VCFELKC010030062,Sắt la tráng kẽm 3x25x870mm,CAY,TRUE,,,,,,,
VCFETKC010015016,Sắt tấm tráng kẽm 1.5x71x1980mm,TAM,TRUE,,,,,,,
VCFEREC010010080008,Sắt hộp chữ nhật tráng kẽm 10x20x0.8x6100mm,CAY,TRUE,,,,,,,
VCFEREC010014090001,Sắt hộp chữ nhật tráng kẽm 14x45x0.9x5350mm,CAY,TRUE,,,,,,,
VCFEREC01001310005,Sắt hộp chữ nhật tráng kẽm 13x26x1.0x5750mm,CAY,TRUE,,,,,,,
VCFELKC010030064,Sắt tấm tráng kẽm 3x25x1470mm,TAM,TRUE,,,,,,,
VCFEREC010010080008,Sắt hộp chữ nhật tráng kẽm 10x20x0.8x6100mm,CAY,TRUE,,,,,,,
VCFEREC010015090010,Sắt hộp chữ nhật tráng kẽm 15x35x0.9x5720mm,CAY,TRUE,,,,,,,
VCFESEC010025090001,Sắt hộp vuông tráng kẽm 25x25x0.9x6000mm,CAY,TRUE,,,,,,,
VCFELKC010025008,Sắt la tráng kẽm 2.5x18x3000mm,CAY,TRUE,,,,,,,
VCFESEC010010080001,Sắt hộp vuông tráng kẽm 10x10x0.8x6000mm,CAY,TRUE,,,,,,,
VCFESEC010025100004,Sắt hộp vuông tráng kẽm 25x25x1.0x4560mm,CAY,TRUE,,,,,,,
VCFEDEC010080090001,Sắt ống tráng kẽm f8x0.9x6000mm,CAY,TRUE,,,,,,,
VCFEDEC010490019002,Sắt ống tráng kẽm f49x2.0x6000mm,CAY,TRUE,,,,,,,
VCFEREC010025090005,Sắt hộp chữ nhật tráng kẽm 25x50x0.9x4990mm,CAY,TRUE,,,,,,,
VCFEREC010025090008,Sắt hộp chữ nhật tráng kẽm 25x50x0.9x5450mm,CAY,TRUE,,,,,,,
VCFEREC010016085001,Sắt hộp chữ nhật tráng kẽm 16x50x0.85x5605mm,CAY,TRUE,,,,,,,
VCFESEC010025100005,Sắt hộp vuông tráng kẽm 25x25x1.0x5880mm,CAY,TRUE,,,,,,,
VCFETKC0100090029,Sắt tấm tráng kẽm 0.9x740x740mm,TAM,TRUE,,,,,,,
VCFEREC010015120004,Sắt hộp chữ nhật tráng kẽm 15x35x1.2x5000mm,CAY,TRUE,,,,,,,
VCFETKC010009029,Sắt tấm tráng kẽm 0.9x1200x2870mm,CAY,TRUE,,,,,,,
VCFEDEC010080090003,Sắt ống tráng kẽm f8x0.9x5800mm,CAY,TRUE,,,,,,,
VCFETKC010012015,Sắt tấm tráng kẽm 1.2x1200x2000mm,TAM,TRUE,,,,,,,
VCFETKC010009032,Sắt tấm tráng kẽm 0.9x1200x2850mm,TAM,TRUE,,,,,,,
VCFETKC010080013,Sắt tấm tráng kẽm 0.8x1250x3000mm,CAY,TRUE,,,,,,,
VCFETKC010015018,Sắt tấm tráng kẽm 1.5x1050x2690mm,TAM,TRUE,,,,,,,
VCFEDEC010320100003,Sắt ống tráng kẽm f32x1.0x5650mm,CAY,TRUE,,,,,,,
VCFEREC010010080006,Sắt hộp chữ nhật tráng kẽm 10x20x0.8x5650mm,CAY,TRUE,,,,,,,
VCFESEC010016080004,Sắt hộp vuông tráng kẽm 16x16x0.8x5200mm,CAY,TRUE,,,,,,,
VCFESEC010016080004,Sắt hộp vuông tráng kẽm 16x16x0.8x5600mm,CAY,TRUE,,,,,,,
VCFEREC0100150800006,Sắt hộp chữ nhật tráng kẽm 15x30x0.8x5720mm,CAY,TRUE,,,,,,,
VCFETKC0100090019,Sắt tấm tráng kẽm 0.9x1220x2050mm,CAY,TRUE,,,,,,,
VCFEREC010016085004,Sắt hộp chữ nhật tráng kẽm 16x50x0.85x5750mm,CAY,TRUE,,,,,,,
VCFETKC010018007,Sắt tấm tráng kẽm 1.8x1200x2215mm,TAM,TRUE,,,,,,,
VCFELKC010030049,Sắt tấm tráng kẽm 3x1250x2729mm,TAM,TRUE,,,,,,,
